{"cameraMode":{"drawMode":0,"name":"Shaded","section":"Shading Mode"},"sceneLighting":false,"audioPlay":false,"sceneViewState":{"m_AlwaysRefresh":false,"showFog":true,"showSkybox":false,"showFlares":true,"showImageEffects":true,"showParticleSystems":true,"showVisualEffectGraphs":true,"m_FxEnabled":true},"in2DMode":false,"pivot":{"x":0.35600000619888308,"y":-0.5379999876022339,"z":1.2580000162124634},"rotation":{"x":0.04013204574584961,"y":0.5555558204650879,"z":-0.02685953490436077,"w":0.8300773501396179},"size":0.46609967947006228,"orthographic":false}