{"cameraMode":{"drawMode":0,"name":"Shaded","section":"Shading Mode"},"sceneLighting":false,"audioPlay":false,"sceneViewState":{"m_AlwaysRefresh":false,"showFog":true,"showSkybox":false,"showFlares":true,"showImageEffects":true,"showParticleSystems":true,"showVisualEffectGraphs":true,"m_FxEnabled":true},"in2DMode":false,"pivot":{"x":0.3493354022502899,"y":-0.2509969472885132,"z":3.445247173309326},"rotation":{"x":0.019456392154097558,"y":0.9781882762908936,"z":-0.10784836113452912,"w":0.17647016048431397},"size":0.26835039258003237,"orthographic":false}