{"cameraMode":{"drawMode":0,"name":"Shaded","section":"Shading Mode"},"sceneLighting":true,"audioPlay":false,"sceneViewState":{"m_AlwaysRefresh":false,"showFog":true,"showSkybox":false,"showFlares":true,"showImageEffects":true,"showParticleSystems":true,"showVisualEffectGraphs":true,"m_FxEnabled":true},"in2DMode":false,"pivot":{"x":-0.00012499094009399414,"y":0.12999999523162843,"z":1.006990671157837},"rotation":{"x":-0.08364000916481018,"y":-0.11572775989770889,"z":0.009780139662325383,"w":-0.9897053241729736},"size":1.2983537912368775,"orthographic":false}