{"cameraMode":{"drawMode":0,"name":"Shaded","section":"Shading Mode"},"sceneLighting":true,"audioPlay":false,"sceneViewState":{"m_AlwaysRefresh":false,"showFog":true,"showSkybox":true,"showFlares":true,"showImageEffects":true,"showParticleSystems":true,"showVisualEffectGraphs":true,"m_FxEnabled":true},"in2DMode":false,"pivot":{"x":-0.004788197576999664,"y":1.6665053367614747,"z":-0.015255957841873169},"rotation":{"x":-0.11869220435619354,"y":0.40647202730178835,"z":-0.05334777012467384,"w":-0.9043501019477844},"size":0.8660253882408142,"orthographic":false}