{"cameraMode":{"drawMode":0,"name":"Shaded","section":"Shading Mode"},"sceneLighting":false,"audioPlay":false,"sceneViewState":{"m_AlwaysRefresh":false,"showFog":true,"showSkybox":false,"showFlares":true,"showImageEffects":true,"showParticleSystems":true,"showVisualEffectGraphs":true,"m_FxEnabled":true},"in2DMode":false,"pivot":{"x":0.17800000309944154,"y":-0.26899999380111697,"z":0.6290000677108765},"rotation":{"x":0.02617732435464859,"y":0.9317829012870789,"z":-0.06860969215631485,"w":0.3555205762386322},"size":0.7008756399154663,"orthographic":false}