{"cameraMode":{"drawMode":0,"name":"Shaded","section":"Shading Mode"},"sceneLighting":false,"audioPlay":false,"sceneViewState":{"m_AlwaysRefresh":false,"showFog":true,"showSkybox":false,"showFlares":true,"showImageEffects":true,"showParticleSystems":true,"showVisualEffectGraphs":true,"m_FxEnabled":true},"in2DMode":false,"pivot":{"x":0.35199999809265139,"y":-0.2709999680519104,"z":0.6520000100135803},"rotation":{"x":0.041078343987464908,"y":0.2068105936050415,"z":-0.008691268973052502,"w":0.9774793982505798},"size":0.7542941570281982,"orthographic":true}